donor_type,value
Multilateral,10239.21746
DAC,1830.96223500001
Non-DAC,476.100212
Private,41.562424
