donor_type,value
Multilateral,9714.62115600002
DAC,1708.535457
Non-DAC,452.73471
Private,29.824956
