year,Urban,Rural
2014,0.909316393572717,0.0906836064272832
2015,0.832493142473899,0.167506857526101
2016,0.878545068590255,0.121454931409746
2017,0.782053402823414,0.217946597176586
2018,0.788063411939858,0.211936588060142
2019,0.842225598763037,0.157774401236963
2020,0.821903830501068,0.178096169498932
2021,0.668484276767559,0.331515723232441
2022,0.875344263688477,0.124655736311523
2023,0.913270867775053,0.0867291322249471
