Year,ODA,OOF,Private
2024,576.917158,1099.722963,81.938004
