Year,Homelessness,Incremental housing,Social housing,Housing in general
2024,0.000230711387928813,0.000912883526286329,0.0621659984540067,0.000235617624323628
