Year,Urban,Rural
2014,0.905358733132863,0.0946412668671374
2015,0.868980306194785,0.131019693805215
2016,0.897632214517671,0.102367785482329
2017,0.876009262988092,0.123990737011908
2018,0.845034290552712,0.154965709447289
2019,0.834392377312429,0.165607622687571
2020,0.864643476125988,0.135356523874012
2021,0.802370999620166,0.197629000379834
2022,0.760827739404848,0.239172260595152
2023,0.880319160751674,0.119680839248327
