Year,Resilience and Reconstruction,Incremental and Improved Housing,Social Housing,Market Enabling,Housing Supply
2024,0.0629029102701934,0.0010820582679544,0.000169174741668073,0.000230958746856925,0.000230711387928813
