Year,ODA,OOF,Private
2014,4006.486171,1227.612915,2.696423
2015,4349.239148,1213.262504,12.642409
2016,6617.128188,889.19951,17.742854
2017,4662.22271,1322.175014,21.463234
2018,5655.892924,1186.964784,20.468937
2019,5774.081493,1994.406174,23.339708
2020,5960.748557,2011.854388,15.606345
2021,9649.77191799999,952.622975,106.93694
2022,17621.813876,1477.76828,13.873608
2023,16269.923452,1166.97944,298.667827
